collection_name;catalog_element_id;status;use_license_id;optional;backup;vm_naming;commercial_name;short_name;os_family;version;type;language;architecture;description;min_mo;max_mo;ram_unlimited;min_mhz;cpu_unlimited;vcpu_min;vcpu_max;use_catalog_element_id
UCaaS ADs TOOLBOX ITD;14002;available;00001;false;ImageLevel;AD1;ActiveDirectory AD1-HCS861V1;AD1-HCS861V1;Windows 2008;ITDv1.3 V1;AD1;FR;64bits;Active-Directory and Domain-Controler AD1 HCS8.6.1 V1;4096;4096;true;256;true;1;1;31
UCaaS ADs TOOLBOX ITD;24002;available;00001;false;ImageLevel;AD1;ActiveDirectory AD1-HCS862V1;AD1-HCS862V1;Windows 2008;ITDv1.3 V1;AD1;FR;64bits;Active-Directory and Domain-Controler AD1 HCS8.6.2 V1;4096;4096;true;256;true;1;1;31
UCaaS ADs TOOLBOX ITD;44002;available;00001;false;ImageLevel;AD1;ActiveDirectory AD1-HCS862V3;AD1-HCS862V3;Windows 2008;ITDv3.1;AD1;FR;64bits;Active-Directory and Domain-Controler AD1 HCS8.6.2 V3;4096;4096;true;600;true;1;1;31
UCaaS ADs TOOLBOX ITD;14003;available;00001;false;ImageLevel;AD2;ActiveDirectory AD2-HCS861V1;AD2-HCS861V1;Windows 2008;ITDv1.3 V1;AD2;FR;64bits;Active-Directory and Domain-Controler AD2 HCS8.6.1 V1;4096;4096;true;256;true;1;1;33
UCaaS ADs TOOLBOX ITD;24003;available;00001;false;ImageLevel;AD2;ActiveDirectory AD2-HCS862V1;AD2-HCS862V1;Windows 2008;ITDv1.3 V1;AD2;FR;64bits;Active-Directory and Domain-Controler AD2 HCS8.6.2 V1;4096;4096;true;256;true;1;1;33
UCaaS ADs TOOLBOX ITD;44003;available;00001;false;ImageLevel;AD2;ActiveDirectory AD2-HCS862V3;AD2-HCS862V3;Windows 2008;ITDv3.1;AD2;FR;64bits;Active-Directory and Domain-Controler AD2 HCS8.6.2 V3;4096;4096;true;600;true;1;1;33
UCaaS ADs TOOLBOX ITD;14005;available;00001;true;ImageLevel;TOOLBOX;ToolBox Ucaas-HCS861V1;TOOLBOX-HCS861V1;Windows 2008;ITDv1.0 V1;TB01;FR;64bits;ToolBox (avec installation Middleware) HCS8.6.1 V1;4096;4096;true;256;true;1;1;11
UCaaS ADs TOOLBOX ITD;24005;available;00001;true;ImageLevel;TOOLBOX;ToolBox Ucaas-HCS862V1;TOOLBOX-HCS862V1;Windows 2008;ITDv1.0 V1;TB01;FR;64bits;ToolBox (avec installation Middleware) HCS8.6.2 V1;4096;4096;true;256;true;1;1;11
UCaaS ADs TOOLBOX ITD;44005;available;00001;true;ImageLevel;TOOLBOX;ToolBox Ucaas-HCS862V3;TOOLBOX-HCS862V3;Windows 2008;ITDv3.1;TB01;FR;64bits;ToolBox (avec installation Middleware) HCS8.6.2 V3;2048;2048;true;300;true;1;1;14
UCaaS ADs TOOLBOX ITD;44006;available;00001;true;ImageLevel;SERVICE;Service France Ucaas-HCS862V3;SERVICE-HCS862V3;Windows 2008;ITDv3.1;SV01;FR;64bits;Service (avec installation Middleware) HCS8.6.2 V3;4096;4096;true;600;true;1;1;14
UCaaS ADs TOOLBOX ITD;34002;available;00001;false;ImageLevel;AD1;ActiveDirectory AD1-HCS862V2-MW2;AD1-HCS862V2-MW2;Windows 2008;ITDV1.0;AD1;FR;64bits;Active-Directory and Domain-Controller AD1 with LDS HCS8.6.2 V2;2048;2048;true;600;true;1;1;71
UCaaS ADs TOOLBOX ITD;54002;available;00001;false;ImageLevel;AD1;ActiveDirectory AD1-HCS862V4-MW2;AD1-HCS862V4-MW2;Windows 2008;ITDV1.0;AD1;FR;64bits;Active-Directory and Domain-Controler AD1 HCS8.6.2 V4 Middleware 2;4096;4096;true;600;true;1;1;31
UCaaS ADs TOOLBOX ITD;34003;available;00001;false;ImageLevel;AD2;ActiveDirectory AD2-HCS862V2-MW2;AD2-HCS862V2-MW2;Windows 2008;ITDV1.0;AD2;FR;64bits;Active-Directory and Domain-Controller AD2 with LDS HCS8.6.2 V2;2048;2048;true;600;true;1;1;71
UCaaS ADs TOOLBOX ITD;54003;available;00001;false;ImageLevel;AD2;ActiveDirectory AD2-HCS862V4-MW2;AD2-HCS862V4-MW2;Windows 2008;ITDV1.0;AD2;FR;64bits;Active-Directory and Domain-Controler AD2 HCS8.6.2 V4 Middleware 2;4096;4096;true;600;true;1;1;33
UCaaS ADs TOOLBOX ITD;34005;available;00001;false;ImageLevel;TOOLBOX;ToolBox Ucaas-HCS862V2-MW2;TOOLBOX-HCS862V2-MW2;Windows 2008;ITDV1.0;TB01;FR;64bits;ToolBox International (avec installation Middleware) HCS8.6.1 V2;2048;2048;true;300;true;1;1;51
UCaaS ADs TOOLBOX ITD;54005;available;00001;true;ImageLevel;TOOLBOX;ToolBox Ucaas-HCS862V4-MW2;TOOLBOX-HCS862V4-MW2;Windows 2008;ITDV1.0;TB01;FR;64bits;ToolBox (avec installation Middleware) HCS8.6.2 V4 Middleware 2;2048;2048;true;300;true;1;1;51
UCaaS ADs TOOLBOX ITD;54006;available;00001;true;ImageLevel;SERVICE;Service France Ucaas-HCS862V4-MW2;SERVICE-HCS862V4-MW2;Windows 2008;ITDV1.0;SV01;FR;64bits;Service (avec installation Middleware) HCS8.6.2 V4 Middleware 2;4096;4096;true;600;true;1;1;51
UCaaS CUEACs ITD;14015;available;00001;true;ImageLevel;CUEAC6-25S01;CUEAC UCaaS 1-6 operatrices-HCS861V1;CUEAC6-25S01E-HCS861V1;Windows 2008;ITDv1.2 V1;CUEAC01;FR;64bits;CUEAC 6 operatrices SQL-Express avec installation Middleware HCS8.6.1 V1;4096;4096;true;256;true;1;1;21
UCaaS CUEACs ITD;24015;available;00001;true;ImageLevel;CUEAC6-25S01;CUEAC UCaaS 1-6 operatrices-HCS862V1;CUEAC6-25S01E-HCS862V1;Windows 2008;ITDv1.2 V1;CUEAC01;FR;64bits;CUEAC 6 operatrices SQL-Express avec installation Middleware HCS8.6.2 V1;4096;4096;true;256;true;1;1;21
UCaaS CUEACs ITD;44015;available;00001;true;ImageLevel;CUEAC6-25S01;CUEAC UCaaS 1-6 operatrices-HCS862V3;CUEAC6-25S01E-HCS862V3;Windows 2008;ITDv3.0;CUEAC01;FR;64bits;CUEAC 6 operatrices SQL-Express avec installation Middleware HCS8.6.2 V3;6128;6128;true;2300;true;1;1;21
UCaaS CUEACs ITD;14016;available;00001;true;ImageLevel;CUEAC6-25S01;CUEAC UCaaS 6-25 operatrices-HCS861V1;CUEAC6-25S01S-HCS861V1;Windows 2008;ITDv1.2 V1;CUEAC01;FR;64bits;CUEAC 25 operatrices SQL-Standard avec installation Middleware HCS8.6.1 V1;4096;4096;true;256;true;1;1;22
UCaaS CUEACs ITD;24016;available;00001;true;ImageLevel;CUEAC6-25S01;CUEAC UCaaS 6-25 operatrices-HCS862V1;CUEAC6-25S01S-HCS862V1;Windows 2008;ITDv1.2 V1;CUEAC01;FR;64bits;CUEAC 25 operatrices SQL-Standard avec installation Middleware HCS8.6.2 V1;4096;4096;true;256;true;1;1;22
UCaaS CUEACs ITD;44016;available;00001;true;ImageLevel;CUEAC6-25S01;CUEAC UCaaS 6-25 operatrices-HCS862V3;CUEAC6-25S01S-HCS862V3;Windows 2008;ITDv3.0;CUEAC01;FR;64bits;CUEAC 25 operatrices SQL-Standard avec installation Middleware HCS8.6.2 V3;6128;6128;true;2300;true;1;1;22
UCaaS CUEACs ITD;14007;available;00001;true;ImageLevel;CUEAC25S02;CUEAC UCaaS 1+25-HCS861V1;CUEAC25S02-HCS861V1;Windows 2008;1.2 V1;CUEAC02;FR;64bits;CUEAC premier increment de 25 operatrices HCS8.6.1 V1;4096;4096;true;256;true;1;1;23
UCaaS CUEACs ITD;24007;available;00001;true;ImageLevel;CUEAC25S02;CUEAC UCaaS 1+25-HCS862V1;CUEAC25S02-HCS862V1;Windows 2008;1.2 V1;CUEAC02;FR;64bits;CUEAC premier increment de 25 operatrices HCS8.6.2 V1;4096;4096;true;256;true;1;1;23
UCaaS CUEACs ITD;44007;available;00001;true;ImageLevel;CUEAC25S02;CUEAC UCaaS 1+25-HCS862V3;CUEAC25S02-HCS862V3;Windows 2008;ITDv3.0;CUEAC02;FR;64bits;CUEAC premier increment de 25 operatrices HCS8.6.2 V3;6128;6128;true;2300;true;1;1;23
UCaaS CUEACs ITD;14008;available;00001;true;ImageLevel;CUEAC25S03;CUEAC UCaaS 2+25-HCS861V1;CUEAC25S03-HCS861V1;Windows 2008;1.2 V1;CUEAC03;FR;64bits;CUEAC second increment de 25 operatrices HCS8.6.1 V1;4096;4096;true;256;true;1;1;23
UCaaS CUEACs ITD;24008;available;00001;true;ImageLevel;CUEAC25S03;CUEAC UCaaS 2+25-HCS862V1;CUEAC25S03-HCS862V1;Windows 2008;1.2 V1;CUEAC03;FR;64bits;CUEAC second increment de 25 operatrices HCS8.6.2 V1;4096;4096;true;256;true;1;1;23
UCaaS CUEACs ITD;44008;available;00001;true;ImageLevel;CUEAC25S03;CUEAC UCaaS 2+25-HCS862V3;CUEAC25S03-HCS862V3;Windows 2008;ITDv3.0;CUEAC03;FR;64bits;CUEAC second increment de 25 operatrices HCS8.6.2 V3;6128;6128;true;2300;true;1;1;23
UCaaS CUEACs ITD;14009;available;00001;true;ImageLevel;CUEAC25S04;CUEAC UCaaS 3+25-HCS861V1;CUEAC25S04-HCS861V1;Windows 2008;1.2 V1;CUEAC04;FR;64bits;CUEAC troisieme increment de 25 operatrices HCS8.6.1 V1;4096;4096;true;256;true;1;1;23
UCaaS CUEACs ITD;24009;available;00001;true;ImageLevel;CUEAC25S04;CUEAC UCaaS 3+25-HCS862V1;CUEAC25S04-HCS862V1;Windows 2008;1.2 V1;CUEAC04;FR;64bits;CUEAC troisieme increment de 25 operatrices HCS8.6.2 V1;4096;4096;true;256;true;1;1;23
UCaaS CUEACs ITD;44009;available;00001;true;ImageLevel;CUEAC25S04;CUEAC UCaaS 3+25-HCS862V3;CUEAC25S04-HCS862V3;Windows 2008;ITDv3.0;CUEAC04;FR;64bits;CUEAC troisieme increment de 25 operatrices HCS8.6.2 V3;6128;6128;true;2300;true;1;1;23
UCaaS CUEACs ITD;14010;available;00001;true;ImageLevel;CUEAC25S05;CUEAC UCaaS 4+25-HCS861V1;CUEAC25S05-HCS861V1;Windows 2008;1.2 V1;CUEAC05;FR;64bits;CUEAC quatrieme increment de 25 operatrices HCS8.6.1 V1;4096;4096;true;256;true;1;1;23
UCaaS CUEACs ITD;24010;available;00001;true;ImageLevel;CUEAC25S05;CUEAC UCaaS 4+25-HCS862V1;CUEAC25S05-HCS862V1;Windows 2008;1.2 V1;CUEAC05;FR;64bits;CUEAC quatrieme increment de 25 operatrices HCS8.6.2 V1;4096;4096;true;256;true;1;1;23
UCaaS CUEACs ITD;44010;available;00001;true;ImageLevel;CUEAC25S05;CUEAC UCaaS 4+25-HCS862V3;CUEAC25S05-HCS862V3;Windows 2008;ITDv3.0;CUEAC05;FR;64bits;CUEAC quatrieme increment de 25 operatrices HCS8.6.2 V3;6128;6128;true;2300;true;1;1;23
UCaaS CUEACs ITD;14011;available;00001;true;ImageLevel;CUEAC25S06;CUEAC UCaaS 5+25-HCS861V1;CUEAC25S06-HCS861V1;Windows 2008;1.2 V1;CUEAC06;FR;64bits;CUEAC cinquieme increment de 25 operatrices HCS8.6.1 V1;4096;4096;true;256;true;1;1;23
UCaaS CUEACs ITD;24011;available;00001;true;ImageLevel;CUEAC25S06;CUEAC UCaaS 5+25-HCS862V1;CUEAC25S06-HCS862V1;Windows 2008;1.2 V1;CUEAC06;FR;64bits;CUEAC cinquieme increment de 25 operatrices HCS8.6.2 V1;4096;4096;true;256;true;1;1;23
UCaaS CUEACs ITD;44011;available;00001;true;ImageLevel;CUEAC25S06;CUEAC UCaaS 5+25-HCS862V3;CUEAC25S06-HCS862V3;Windows 2008;ITDv3.0;CUEAC06;FR;64bits;CUEAC cinquieme increment de 25 operatrices HCS8.6.2 V3;6128;6128;true;2300;true;1;1;23
UCaaS CUEACs ITD;14012;available;00001;true;ImageLevel;CUEAC25S07;CUEAC UCaaS 6+25-HCS861V1;CUEAC25S07-HCS861V1;Windows 2008;1.2 V1;CUEAC07;FR;64bits;CUEAC sixieme increment de 25 operatrices HCS8.6.1 V1;4096;4096;true;256;true;1;1;23
UCaaS CUEACs ITD;24012;available;00001;true;ImageLevel;CUEAC25S07;CUEAC UCaaS 6+25-HCS862V1;CUEAC25S07-HCS862V1;Windows 2008;1.2 V1;CUEAC07;FR;64bits;CUEAC sixieme increment de 25 operatrices HCS8.6.2 V1;4096;4096;true;256;true;1;1;23
UCaaS CUEACs ITD;44012;available;00001;true;ImageLevel;CUEAC25S07;CUEAC UCaaS 6+25-HCS862V3;CUEAC25S07-HCS862V3;Windows 2008;ITDv3.0;CUEAC07;FR;64bits;CUEAC sixieme increment de 25 operatrices HCS8.6.2 V3;6128;6128;true;2300;true;1;1;23
UCaaS CUEACs ITD;14013;available;00001;true;ImageLevel;CUEAC25S08;CUEAC UCaaS 7+25-HCS861V1;CUEAC25S08-HCS861V1;Windows 2008;1.2 V1;CUEAC08;FR;64bits;CUEAC septieme increment de 25 operatrices HCS8.6.1 V1;4096;4096;true;256;true;1;1;23
UCaaS CUEACs ITD;24013;available;00001;true;ImageLevel;CUEAC25S08;CUEAC UCaaS 7+25-HCS862V1;CUEAC25S08-HCS862V1;Windows 2008;1.2 V1;CUEAC08;FR;64bits;CUEAC septieme increment de 25 operatrices HCS8.6.2 V1;4096;4096;true;256;true;1;1;23
UCaaS CUEACs ITD;44013;available;00001;true;ImageLevel;CUEAC25S08;CUEAC UCaaS 7+25-HCS862V3;CUEAC25S08-HCS862V3;Windows 2008;ITDv3.0;CUEAC08;FR;64bits;CUEAC septieme increment de 25 operatrices HCS8.6.2 V3;6128;6128;true;2300;true;1;1;23
UCaaS CUEACs ITD;14014;available;00001;true;ImageLevel;CUEAC25S09;CUEAC UCaaS 8+25-HCS861V1;CUEAC25S09-HCS861V1;Windows 2008;1.2 V1;CUEAC09;FR;64bits;CUEAC huitieme increment de 25 operatrices HCS8.6.1 V1;4096;4096;true;256;true;1;1;23
UCaaS CUEACs ITD;24014;available;00001;true;ImageLevel;CUEAC25S09;CUEAC UCaaS 8+25-HCS862V1;CUEAC25S09-HCS862V1;Windows 2008;1.2 V1;CUEAC09;FR;64bits;CUEAC huitieme increment de 25 operatrices HCS8.6.2 V1;4096;4096;true;256;true;1;1;23
UCaaS CUEACs ITD;44014;available;00001;true;ImageLevel;CUEAC25S09;CUEAC UCaaS 8+25-HCS862V3;CUEAC25S09-HCS862V3;Windows 2008;ITDv3.0;CUEAC09;FR;64bits;CUEAC huitieme increment de 25 operatrices HCS8.6.2 V3;6128;6128;true;2300;true;1;1;23
UCaaS CUEACs ITD;34015;available;00001;true;ImageLevel;CUEAC6-25S01;CUEAC UCaaS 1-6 operatrices-HCS862V2-MW2;CUEAC6-25S01E-HCS862V2-MW2;Windows 2008;ITDV1.0;CUEAC01;FR;64bits;CUEAC International 6 operatrices SQL-Express avec installation Middleware HCS8.6.2 V2;6144;6144;true;2300;true;1;1;61
UCaaS CUEACs ITD;34016;available;00001;true;ImageLevel;CUEAC6-25S01;CUEAC UCaaS 6-25 operatrices-HCS862V2-MW2;CUEAC6-25S01S-HCS862V2-MW2;Windows 2008;ITDV1.0;CUEAC01;FR;64bits;CUEAC International 25 operatrices SQL-Standard avec installation middleware HCS8.6.2 V2;6144;6144;true;2300;true;1;1;62
UCaaS CUEACs ITD;34007;available;00001;true;ImageLevel;CUEAC25S02;CUEAC UCaaS 1+25-HCS862V2-MW2;CUEAC25S02-HCS862V2-MW2;Windows 2008;ITDV1.0;CUEAC02;FR;64bits;CUEAC International premier incrément de 25 operatrices HCS8.6.2 V2;6144;6144;true;2300;true;1;1;62
UCaaS CUEACs ITD;34008;available;00001;true;ImageLevel;CUEAC25S03;CUEAC UCaaS 2+25-HCS862V2-MW2;CUEAC25S03-HCS862V2-MW2;Windows 2008;ITDV1.0;CUEAC03;FR;64bits;CUEAC International second incrément de 25 operatrices HCS8.6.2 V2;6144;6144;true;2300;true;1;1;62
UCaaS CUEACs ITD;34009;available;00001;true;ImageLevel;CUEAC25S04;CUEAC UCaaS 3+25-HCS862V2-MW2;CUEAC25S04-HCS862V2-MW2;Windows 2008;ITDV1.0;CUEAC04;FR;64bits;CUEAC International troisieme incrément de 25 operatrices HCS8.6.2 V2;6144;6144;true;2300;true;1;1;62
UCaaS CUEACs ITD;34010;available;00001;true;ImageLevel;CUEAC25S05;CUEAC UCaaS 4+25-HCS862V2-MW2;CUEAC25S05-HCS862V2-MW2;Windows 2008;ITDV1.0;CUEAC05;FR;64bits;CUEAC International quatrieme incrément de 25 operatrices HCS8.6.2 V2;6144;6144;true;2300;true;1;1;62
UCaaS CUEACs ITD;34011;available;00001;true;ImageLevel;CUEAC25S06;CUEAC UCaaS 5+25-HCS862V2-MW2;CUEAC25S06-HCS862V2-MW2;Windows 2008;ITDV1.0;CUEAC06;FR;64bits;CUEAC International cinquieme incrément de 25 operatrices HCS8.6.2 V2;6144;6144;true;2300;true;1;1;62
UCaaS CUEACs ITD;34012;available;00001;true;ImageLevel;CUEAC25S07;CUEAC UCaaS 6+25-HCS862V2-MW2;CUEAC25S07-HCS862V2-MW2;Windows 2008;ITDV1.0;CUEAC07;FR;64bits;CUEAC International sixieme incrément de 25 operatrices HCS8.6.2 V2;6144;6144;true;2300;true;1;1;62
UCaaS CUEACs ITD;34013;available;00001;true;ImageLevel;CUEAC25S08;CUEAC UCaaS 7+25-HCS862V2-MW2;CUEAC25S08-HCS862V2-MW2;Windows 2008;ITDV1.0;CUEAC08;FR;64bits;CUEAC International septième incrément de 25 operatrices HCS8.6.2 V2;6144;6144;true;2300;true;1;1;62
UCaaS CUEACs ITD;34014;available;00001;true;ImageLevel;CUEAC25S09;CUEAC UCaaS 8+25-HCS862V2-MW2;CUEAC25S09-HCS862V2-MW2;Windows 2008;ITDV1.0;CUEAC09;FR;64bits;CUEAC International huitième incrément de 25 operatrices HCS8.6.2 V2;6144;6144;true;2300;true;1;1;62
UCaaS CUEACs ITD;54015;available;00001;true;ImageLevel;CUEAC6-25S01;CUEAC UCaaS 1-6 operatrices-HCS862V4-MW2;CUEAC6-25S01E-HCS862V4-MW2;Windows 2008;ITDV1.0;CUEAC01;FR;64bits;CUEAC International 6 operatrices SQL-Express avec installation Middleware HCS8.6.2 V4;6144;6144;true;2300;true;1;1;61
UCaaS CUEACs ITD;54016;available;00001;true;ImageLevel;CUEAC6-25S01;CUEAC UCaaS 6-25 operatrices-HCS862V4-MW2;CUEAC6-25S01S-HCS862V4-MW2;Windows 2008;ITDV1.0;CUEAC01;FR;64bits;CUEAC International 25 operatrices SQL-Standard avec installation middleware HCS8.6.2 V4;6144;6144;true;2300;true;1;1;62
UCaaS CUEACs ITD;54007;available;00001;true;ImageLevel;CUEAC25S02;CUEAC UCaaS 1+25-HCS862V4-MW2;CUEAC25S02-HCS862V4-MW2;Windows 2008;ITDV1.0;CUEAC02;FR;64bits;CUEAC International premier incrément de 25 operatrices HCS8.6.2 V4;6144;6144;true;2300;true;1;1;62
UCaaS CUEACs ITD;54008;available;00001;true;ImageLevel;CUEAC25S03;CUEAC UCaaS 2+25-HCS862V4-MW2;CUEAC25S03-HCS862V4-MW2;Windows 2008;ITDV1.0;CUEAC03;FR;64bits;CUEAC International second incrément de 25 operatrices HCS8.6.2 V4;6144;6144;true;2300;true;1;1;62
UCaaS CUEACs ITD;54009;available;00001;true;ImageLevel;CUEAC25S04;CUEAC UCaaS 3+25-HCS862V4-MW2;CUEAC25S04-HCS862V4-MW2;Windows 2008;ITDV1.0;CUEAC04;FR;64bits;CUEAC International troisieme incrément de 25 operatrices HCS8.6.2 V4;6144;6144;true;2300;true;1;1;62
UCaaS CUEACs ITD;54010;available;00001;true;ImageLevel;CUEAC25S05;CUEAC UCaaS 4+25-HCS862V4-MW2;CUEAC25S05-HCS862V4-MW2;Windows 2008;ITDV1.0;CUEAC05;FR;64bits;CUEAC International quatrieme incrément de 25 operatrices HCS8.6.2 V4;6144;6144;true;2300;true;1;1;62
UCaaS CUEACs ITD;54011;available;00001;true;ImageLevel;CUEAC25S06;CUEAC UCaaS 5+25-HCS862V4-MW2;CUEAC25S06-HCS862V4-MW2;Windows 2008;ITDV1.0;CUEAC06;FR;64bits;CUEAC International cinquieme incrément de 25 operatrices HCS8.6.2 V4;6144;6144;true;2300;true;1;1;62
UCaaS CUEACs ITD;54012;available;00001;true;ImageLevel;CUEAC25S07;CUEAC UCaaS 6+25-HCS862V4-MW2;CUEAC25S07-HCS862V4-MW2;Windows 2008;ITDV1.0;CUEAC07;FR;64bits;CUEAC International sixieme incrément de 25 operatrices HCS8.6.2 V4;6144;6144;true;2300;true;1;1;62
UCaaS CUEACs ITD;54013;available;00001;true;ImageLevel;CUEAC25S08;CUEAC UCaaS 7+25-HCS862V4-MW2;CUEAC25S08-HCS862V4-MW2;Windows 2008;ITDV1.0;CUEAC08;FR;64bits;CUEAC International septième incrément de 25 operatrices HCS8.6.2 V4;6144;6144;true;2300;true;1;1;62
UCaaS CUEACs ITD;54014;available;00001;true;ImageLevel;CUEAC25S09;CUEAC UCaaS 8+25-HCS862V4-MW2;CUEAC25S09-HCS862V4-MW2;Windows 2008;ITDV1.0;CUEAC09;FR;64bits;CUEAC International huitième incrément de 25 operatrices HCS8.6.2 V4;6144;6144;true;2300;true;1;1;62
UCaaS Cisco HCS optional Call Center;1212;available;00001;true;ImageLevel;UC100CX01;UCCX01 100-HCS861V1;UC100CX01-HCS861V1;RedHat;HCS8.6.1 V1;UC100CX01;FR;32bits;UCCX01 Call Center 100 attendants HCS8.6.1 V1;4096;4096;true;900;true;2;2;""
UCaaS Cisco HCS optional Call Center;2212;available;00001;true;ImageLevel;UC100CX01;UCCX01 100-HCS862V1;UC100CX01-HCS862V1;RedHat;HCS8.6.2 V1;UC100CX01;FR;32bits;UCCX01 Call Center 100 attendants HCS8.6.2 V1;4096;4096;true;900;true;2;2;""
UCaaS Cisco HCS optional Call Center;4212;available;00001;true;ImageLevel;UC100CX01;UCCX01 100-HCS862V3;UC100CX01-HCS862V3;RedHat;HCS8.6.2 V3;UC100CX01;FR;32bits;UCCX01 Call Center 100 attendants HCS8.6.2 V3;4096;4096;true;2500;true;2;2;""
UCaaS Cisco HCS optional Call Center;5212;available;00001;true;ImageLevel;UC100CX01;UCCX01 100-HCS862V4;UC100CX01-HCS862V4;RedHat;HCS8.6.2 V4;UC100CX01;FR;32bits;UCCX01 Call Center 100 attendants HCS8.6.2 V4;4096;4096;true;2500;true;2;2;""
UCaaS Cisco HCS optional Call Center;1213;available;00001;true;ImageLevel;UC300CX01;UCCX01 300-HCS861V1;UC300CX01-HCS861V1;RedHat;HCS8.6.1 V1;UC300CX01;FR;32bits;UCCX01 Call Center 300 attendants HCS8.6.1 V1;4096;4096;true;900;true;2;2;""
UCaaS Cisco HCS optional Call Center;2213;available;00001;true;ImageLevel;UC300CX01;UCCX01 300-HCS862V1;UC300CX01-HCS862V1;RedHat;HCS8.6.2 V1;UC300CX01;FR;32bits;UCCX01 Call Center 300 attendants HCS8.6.2 V1;4096;4096;true;900;true;2;2;""
UCaaS Cisco HCS optional Call Center;4213;available;00001;true;ImageLevel;UC300CX01;UCCX01 300-HCS862V3;UC300CX01-HCS862V3;RedHat;HCS8.6.2 V3;UC300CX01;FR;32bits;UCCX01 Call Center 300 attendants HCS8.6.2 V3;4096;4096;true;2500;true;2;2;""
UCaaS Cisco HCS optional Call Center;3212;available;00001;true;ImageLevel;UC100CX01;UCCX01 100-HCS862V2;UC100CX01-HCS862V2;RedHat;HCS8.6.2 V2;UC100CX01;FR;32bits;UCCX01 Call Center 100 attendants HCS8.6.2 V2;4096;4096;true;2500;true;2;2;""
UCaaS Cisco HCS optional Call Center;3213;available;00001;true;ImageLevel;UC300CX01;UCCX01 300-HCS862V2;UC300CX01-HCS862V2;RedHat;HCS8.6.2 V2;UC300CX01;FR;32bits;UCCX01 Call Center 300 attendants HCS8.6.2 V2;4096;4096;true;2500;true;2;2;""
UCaaS Cisco HCS optional Call Center;5213;available;00001;true;ImageLevel;UC300CX01;UCCX01 300-HCS862V4;UC300CX01-HCS862V4;RedHat;HCS8.6.2 V4;UC300CX01;FR;32bits;UCCX01 Call Center 300 attendants HCS8.6.2 V4;4096;4096;true;2500;true;2;2;""
UCaaS Cisco HCS (1000 users);1500;available;00001;false;ImageLevel;UCS1000P01;UCSP01 1000-HCS861V1;UCS1000P01-HCS861V1;RedHat;HCS8.6.1 V1;UCS1000P01;FR;32bits;UCSP01 (CUCM) 1000 users HCS8.6.1 V1;4096;4096;true;800;true;1;1;""
UCaaS Cisco HCS (1000 users);2500;available;00001;false;ImageLevel;UCS1000P01;UCSP01 1000-HCS862V1;UCS1000P01-HCS862V1;RedHat;HCS8.6.2 V1;UCS1000P01;FR;32bits;UCSP01 (CUCM) 1000 users HCS8.6.2 V1;4096;4096;true;800;true;1;1;""
UCaaS Cisco HCS (1000 users);4500;available;00001;false;ImageLevel;UCS1000P01;UCSP01 1000-HCS862V3;UCS1000P01-HCS862V3;RedHat;HCS8.6.2 V3;UCS1000P01;FR;32bits;UCSP01 (CUCM) 1000 devices HCS8.6.2 V3;4096;4096;true;800;true;1;1;""
UCaaS Cisco HCS (1000 users);1501;available;00001;false;ImageLevel;UCS1000S01;UCSS01 1000-HCS861V1;UCS1000S01-HCS861V1;RedHat;HCS8.6.1 V1;UCS1000S01;FR;32bits;UCSS01 (CUCM) 1000 users HCS8.6.1 V1;4096;4096;true;800;true;1;1;""
UCaaS Cisco HCS (1000 users);2501;available;00001;false;ImageLevel;UCS1000S01;UCSS01 1000-HCS862V1;UCS1000S01-HCS862V1;RedHat;HCS8.6.2 V1;UCS1000S01;FR;32bits;UCSS01 (CUCM) 1000 users HCS8.6.2 V1;4096;4096;true;800;true;1;1;""
UCaaS Cisco HCS (1000 users);4501;available;00001;false;ImageLevel;UCS1000S01;UCSS01 1000-HCS862V3;UCS1000S01-HCS862V3;RedHat;HCS8.6.2 V3;UCS1000S01;FR;32bits;UCSS01 (CUCM) 1000 devices HCS8.6.2 V3;4096;4096;true;800;true;1;1;""
UCaaS Cisco HCS (1000 users);1502;available;00001;false;ImageLevel;UC1000CNX01;UCNX01 1000-HCS861V1;UC1000CNX01-HCS861V1;RedHat;HCS8.6.1 V1;UC1000CNX01;FR;32bits;UCNX01 (Unity) 1000 users HCS8.6.1 V1;4096;4096;true;2500;true;1;1;""
UCaaS Cisco HCS (1000 users);2502;available;00001;false;ImageLevel;UC1000CNX01;UCNX01 1000-HCS862V1;UC1000CNX01-HCS862V1;RedHat;HCS8.6.2 V1;UC1000CNX01;FR;32bits;UCNX01 (Unity) 1000 users HCS8.6.2 V1;4096;4096;true;2500;true;1;1;""
UCaaS Cisco HCS (1000 users);4502;available;00001;false;ImageLevel;UC1000CNX01;UCNX01 1000-HCS862V3;UC1000CNX01-HCS862V3;RedHat;HCS8.6.2 V3;UC1000CNX01;FR;32bits;UCNX01 (Unity) 1000 devices HCS8.6.2 V3;4096;4096;true;2300;true;1;1;""
UCaaS Cisco HCS (1000 users);1503;available;00001;false;ImageLevel;UC1000PS01;UCPS01 1000-HCS861V1;UC1000PS01-HCS861V1;RedHat;HCS8.6.1 V1;UC1000PS01;FR;32bits;UCPS01 (CUPS) 1000 users HCS8.6.1 V1;2048;2048;true;800;true;2;2;""
UCaaS Cisco HCS (1000 users);2503;available;00001;false;ImageLevel;UC1000PS01;UCPS01 1000-HCS862V1;UC1000PS01-HCS862V1;RedHat;HCS8.6.2 V1;UC1000PS01;FR;32bits;UCPS01 (CUPS) 1000 users HCS8.6.2 V1;2048;2048;true;800;true;2;2;""
UCaaS Cisco HCS (1000 users);4503;available;00001;false;ImageLevel;UC1000PS01;UCPS01 1000-HCS862V3;UC1000PS01-HCS862V3;RedHat;HCS8.6.2 V3;UC1000PS01;FR;32bits;UCPS01 (CUPS) 1000 devices HCS8.6.2 V3;4096;4096;true;1500;true;1;2;""
UCaaS Cisco HCS (1000 users);3500;available;00001;false;ImageLevel;UCS1000P01;UCSP01 1000-HCS862V2;UCS1000P01-HCS862V2;RedHat;HCS8.6.2 V2;UCS1000P01;FR;32bits;UCSP01 (CUCM) 1000 users HCH8.6.2 V2;4096;4096;true;800;true;1;1;""
UCaaS Cisco HCS (1000 users);5500;available;00001;false;ImageLevel;UCS1000P01;UCSP01 1000-HCS862V4;UCS1000P01-HCS862V4;RedHat;HCS8.6.2 V4;UCS1000P01;FR;32bits;UCSP01 (CUCM) 1000 devices HCS8.6.2 V4;4096;4096;true;800;true;1;1;""
UCaaS Cisco HCS (1000 users);3501;available;00001;false;ImageLevel;UCS1000S01;UCSS01 1000-HCS862V2;UCS1000S01-HCS862V2;RedHat;HCS8.6.2 V2;UCS1000S01;FR;32bits;UCSS01 (CUCM) 1000 users HCH8.6.2 V2;4096;4096;true;800;true;1;1;""
UCaaS Cisco HCS (1000 users);5501;available;00001;false;ImageLevel;UCS1000S01;UCSS01 1000-HCS862V4;UCS1000S01-HCS862V4;RedHat;HCS8.6.2 V4;UCS1000S01;FR;32bits;UCSS01 (CUCM) 1000 devices HCS8.6.2 V4;4096;4096;true;800;true;1;1;""
UCaaS Cisco HCS (1000 users);3502;available;00001;false;ImageLevel;UC1000CNX01;UCNX01 1000-HCS862V2;UC1000CNX01-HCS862V2;RedHat;HCS8.6.2 V2;UC1000CNX01;FR;32bits;UCNX (Unity) 1000 users HCH8.6.2 V2;4096;4096;true;2300;true;1;1;""
UCaaS Cisco HCS (1000 users);5502;available;00001;false;ImageLevel;UC1000CNX01;UCNX01 1000-HCS862V4;UC1000CNX01-HCS862V4;RedHat;HCS8.6.2 V4;UC1000CNX01;FR;32bits;UCNX01 (Unity) 1000 devices HCS8.6.2 V4;4096;4096;true;2300;true;1;1;""
UCaaS Cisco HCS (1000 users);3503;available;00001;false;ImageLevel;UC1000PS01;UCPS01 1000-HCS862V2;UC1000PS01-HCS862V2;RedHat;HCS8.6.2 V2;UC1000PS01;FR;32bits;UCPS01 (CUPS) 1000 users HCH8.6.2 V2;4096;4096;true;1500;true;1;1;""
UCaaS Cisco HCS (1000 users);5503;available;00001;false;ImageLevel;UC1000PS01;UCPS01 1000-HCS862V4;UC1000PS01-HCS862V4;RedHat;HCS8.6.2 V4;UC1000PS01;FR;32bits;UCPS01 (CUPS) 1000 devices HCS8.6.2 V4;4096;4096;true;1500;true;1;2;""
UCaaS Cisco HCS (7500 devices);2200;available;00001;false;ImageLevel;UCS7500P01;UCSP01 7500 HCS 8.6.2-V1;UCS7500P01-HCS862V1;RedHat;HCS8.6.2 V1;UCS7500P01;FR;32bits;UCSP01 (CUCM) 7500 devices HCS8.6.2 V1;6144;6144;true;3600;true;2;2;""
UCaaS Cisco HCS (7500 devices);2201;available;00001;false;ImageLevel;UCS7500S01;UCSS01 7500 HCS 8.6.2-V1;UCS7500S01-HCS862V1;RedHat;HCS8.6.2 V1;UCS7500S01;FR;32bits;UCSS01 (CUCM) 7500 devices HCS8.6.2 V1;6144;6144;true;3600;true;2;2;""
UCaaS Cisco HCS (7500 devices);2202;available;00001;false;ImageLevel;UCS7500S02;UCSS02 7500 HCS 8.6.2-V1;UCS7500S02-HCS862V1;RedHat;HCS8.6.2 V1;UCS7500S02;FR;32bits;UCSS02 (CUCM) 7500 devices HCS8.6.2 V1;6144;6144;true;3600;true;2;2;""
UCaaS Cisco HCS (7500 devices);2203;available;00001;false;ImageLevel;UCS7500S03;UCSS03 7500 HCS 8.6.2-V1;UCS7500S03-HCS862V1;RedHat;HCS8.6.2 V1;UCS7500S03;FR;32bits;UCSS03 (CUCM) 7500 devices HCS8.6.2 V1;6144;6144;true;3600;true;2;2;""
UCaaS Cisco HCS (7500 devices);2204;available;00001;false;ImageLevel;UCS7500S04;UCSS04 7500 HCS 8.6.2-V1;UCS7500S04-HCS862V1;RedHat;HCS8.6.2 V1;UCS7500S04;FR;32bits;UCSS04 (CUCM) 7500 devices HCS8.6.2 V1;6144;6144;true;3600;true;2;2;""
UCaaS Cisco HCS (7500 devices);2207;available;00001;false;ImageLevel;UCS7500S07;UCSS07 7500 HCS 8.6.2-V1;UCS7500S07-HCS862V1;RedHat;HCS8.6.2 V1;UCS7500S07;FR;32bits;UCSS07 (CUCM) 7500 devices HCS8.6.2 V1;6144;6144;true;3600;true;2;2;""
UCaaS Cisco HCS (7500 devices);2208;available;00001;false;ImageLevel;UCS7500S08;UCSS08 7500 HCS 8.6.2-V1;UCS7500S08-HCS862V1;RedHat;HCS8.6.2 V1;UCS7500S08;FR;32bits;UCSS08 (CUCM) 7500 devices HCS8.6.2 V1;6144;6144;true;3600;true;2;2;""
UCaaS Cisco HCS (7500 devices);2209;available;00001;false;ImageLevel;UC7500CNX01;UCNX01 7500 HCS 8.6.2-V1;UC7500CNX01-HCS862V1;RedHat;HCS8.6.2 V1;UC7500CNX01;FR;32bits;UCNX01 (Unity) 7500 devices HCS8.6.2 V1;6144;6144;true;9600;true;4;4;""
UCaaS Cisco HCS (7500 devices);2210;available;00001;false;ImageLevel;UC7500PS01;UCPS01 7500 HCS 8.6.2-V1;UC7500PS01-HCS862V1;RedHat;HCS8.6.2 V1;UC7500PS01;FR;32bits;UCPS01 (CUPS) 7500 devices HCS8.6.2 V1;6144;6144;true;8000;true;4;4;""
UCaaS Cisco HCS (7500 devices);3200;available;00001;false;ImageLevel;UCS7500P01;UCSP01 7500 HCS 8.6.2-V2;UCS7500P01-HCS862V2;RedHat;HCS8.6.2 V2;UCS7500P01;FR;32bits;UCSP01 (CUCM) 7500 devices HCS8.6.2 V2;6144;6144;true;3600;true;2;2;""
UCaaS Cisco HCS (7500 devices);3201;available;00001;false;ImageLevel;UCS7500S01;UCSS01 7500 HCS 8.6.2-V2;UCS7500S01-HCS862V2;RedHat;HCS8.6.2 V2;UCS7500S01;FR;32bits;UCSS01 (CUCM) 7500 devices HCS8.6.2 V2;6144;6144;true;3600;true;2;2;""
UCaaS Cisco HCS (7500 devices);3202;available;00001;false;ImageLevel;UCS7500S02;UCSS02 7500 HCS 8.6.2-V2;UCS7500S02-HCS862V2;RedHat;HCS8.6.2 V2;UCS7500S02;FR;32bits;UCSS02 (CUCM) 7500 devices HCS8.6.2 V2;6144;6144;true;3600;true;2;2;""
UCaaS Cisco HCS (7500 devices);3203;available;00001;false;ImageLevel;UCS7500S03;UCSS03 7500 HCS 8.6.2-V2;UCS7500S03-HCS862V2;RedHat;HCS8.6.2 V2;UCS7500S03;FR;32bits;UCSS03 (CUCM) 7500 devices HCS8.6.2 V2;6144;6144;true;3600;true;2;2;""
UCaaS Cisco HCS (7500 devices);3204;available;00001;false;ImageLevel;UCS7500S04;UCSS04 7500 HCS 8.6.2-V2;UCS7500S04-HCS862V2;RedHat;HCS8.6.2 V2;UCS7500S04;FR;32bits;UCSS04 (CUCM) 7500 devices HCS8.6.2 V2;6144;6144;true;3600;true;2;2;""
UCaaS Cisco HCS (7500 devices);3207;available;00001;false;ImageLevel;UCS7500S07;UCSS07 7500 HCS 8.6.2-V2;UCS7500S07-HCS862V2;RedHat;HCS8.6.2 V2;UCS7500S07;FR;32bits;UCSS07 (CUCM) 7500 devices HCS8.6.2 V2;6144;6144;true;3600;true;2;2;""
UCaaS Cisco HCS (7500 devices);3208;available;00001;false;ImageLevel;UCS7500S08;UCSS08 7500 HCS 8.6.2-V2;UCS7500S08-HCS862V2;RedHat;HCS8.6.2 V2;UCS7500S08;FR;32bits;UCSS08 (CUCM) 7500 devices HCS8.6.2 V2;6144;6144;true;3600;true;2;2;""
UCaaS Cisco HCS (7500 devices);3209;available;00001;false;ImageLevel;UC7500CNX01;UCNX01 7500 HCS 8.6.2-V2;UC7500CNX01-HCS862V2;RedHat;HCS8.6.2 V2;UC7500CNX01;FR;32bits;UCNX (Unity) 7500 devices HCS8.6.2 V2;6144;6144;true;9000;true;4;4;""
UCaaS Cisco HCS (7500 devices);3210;available;00001;false;ImageLevel;UC7500PS01;UCPS01 7500 HCS 8.6.2-V2;UC7500PS01-HCS862V2;RedHat;HCS8.6.2 V2;UC7500PS01;FR;32bits;UCPS01 (CUPS) 7500 devices HCS8.6.2 V2;6144;6144;true;8000;true;4;4;""
UCaaS Cisco HCS (7500 devices);4200;available;00001;false;ImageLevel;UCS7500P01;UCSP01 7500 HCS 8.6.2-V3;UCS7500P01-HCS862V3;RedHat;HCS8.6.2 V3;UCS7500P01;FR;32bits;UCSP01 (CUCM) 7500 devices HCS8.6.2 V3;6144;6144;true;3600;true;2;2;""
UCaaS Cisco HCS (7500 devices);4201;available;00001;false;ImageLevel;UCS7500S01;UCSS01 7500 HCS 8.6.2-V3;UCS7500S01-HCS862V3;RedHat;HCS8.6.2 V3;UCS7500S01;FR;32bits;UCSS01 (CUCM) 7500 devices HCS8.6.2 V3;6144;6144;true;3600;true;2;2;""
UCaaS Cisco HCS (7500 devices);4202;available;00001;false;ImageLevel;UCS7500S02;UCSS02 7500 HCS 8.6.2-V3;UCS7500S02-HCS862V3;RedHat;HCS8.6.2 V3;UCS7500S02;FR;32bits;UCSS02 (CUCM) 7500 devices HCS8.6.2 V3;6144;6144;true;3600;true;2;2;""
UCaaS Cisco HCS (7500 devices);4203;available;00001;false;ImageLevel;UCS7500S03;UCSS03 7500 HCS 8.6.2-V3;UCS7500S03-HCS862V3;RedHat;HCS8.6.2 V3;UCS7500S03;FR;32bits;UCSS03 (CUCM) 7500 devices HCS8.6.2 V3;6144;6144;true;3600;true;2;2;""
UCaaS Cisco HCS (7500 devices);4204;available;00001;false;ImageLevel;UCS7500S04;UCSS04 7500 HCS 8.6.2-V3;UCS7500S04-HCS862V3;RedHat;HCS8.6.2 V3;UCS7500S04;FR;32bits;UCSS04 (CUCM) 7500 devices HCS8.6.2 V3;6144;6144;true;3600;true;2;2;""
UCaaS Cisco HCS (7500 devices);4207;available;00001;false;ImageLevel;UCS7500S07;UCSS07 7500 HCS 8.6.2-V3;UCS7500S07-HCS862V3;RedHat;HCS8.6.2 V3;UCS7500S07;FR;32bits;UCSS07 (CUCM) 7500 devices HCS8.6.2 V3;6144;6144;true;3600;true;2;2;""
UCaaS Cisco HCS (7500 devices);4208;available;00001;false;ImageLevel;UCS7500S08;UCSS08 7500 HCS 8.6.2-V3;UCS7500S08-HCS862V3;RedHat;HCS8.6.2 V3;UCS7500S08;FR;32bits;UCSS08 (CUCM) 7500 devices HCS8.6.2 V3;6144;6144;true;3600;true;2;2;""
UCaaS Cisco HCS (7500 devices);4209;available;00001;false;ImageLevel;UC7500CNX01;UCNX01 7500 HCS 8.6.2-V3;UC7500CNX01-HCS862V3;RedHat;HCS8.6.2 V3;UC7500CNX01;FR;32bits;UCNX (Unity) 7500 devices HCS8.6.2 V3;6144;6144;true;9000;true;4;4;""
UCaaS Cisco HCS (7500 devices);4210;available;00001;false;ImageLevel;UC7500PS01;UCPS01 7500 HCS 8.6.2-V3;UC7500PS01-HCS862V3;RedHat;HCS8.6.2 V3;UC7500PS01;FR;32bits;UCPS01 (CUPS) 7500 devices HCS8.6.2 V3;6144;6144;true;8000;true;4;4;""
UCaaS Cisco HCS (7500 devices);5200;available;00001;false;ImageLevel;UCS7500P01;UCSP01 7500 HCS 8.6.2-V4;UCS7500P01-HCS862V4;RedHat;HCS8.6.2 V4;UCS7500P01;FR;32bits;UCSP01 (CUCM) 7500 devices HCS8.6.2 V4;6144;6144;true;3600;true;2;2;""
UCaaS Cisco HCS (7500 devices);5201;available;00001;false;ImageLevel;UCS7500S01;UCSS01 7500 HCS 8.6.2-V4;UCS7500S01-HCS862V4;RedHat;HCS8.6.2 V4;UCS7500S01;FR;32bits;UCSS01 (CUCM) 7500 devices HCS8.6.2 V4;6144;6144;true;3600;true;2;2;""
UCaaS Cisco HCS (7500 devices);5202;available;00001;false;ImageLevel;UCS7500S02;UCSS02 7500 HCS 8.6.2-V4;UCS7500S02-HCS862V4;RedHat;HCS8.6.2 V4;UCS7500S02;FR;32bits;UCSS02 (CUCM) 7500 devices HCS8.6.2 V4;6144;6144;true;3600;true;2;2;""
UCaaS Cisco HCS (7500 devices);5203;available;00001;false;ImageLevel;UCS7500S03;UCSS03 7500 HCS 8.6.2-V4;UCS7500S03-HCS862V4;RedHat;HCS8.6.2 V4;UCS7500S03;FR;32bits;UCSS03 (CUCM) 7500 devices HCS8.6.2 V4;6144;6144;true;3600;true;2;2;""
UCaaS Cisco HCS (7500 devices);5204;available;00001;false;ImageLevel;UCS7500S04;UCSS04 7500 HCS 8.6.2-V4;UCS7500S04-HCS862V4;RedHat;HCS8.6.2 V4;UCS7500S04;FR;32bits;UCSS04 (CUCM) 7500 devices HCS8.6.2 V4;6144;6144;true;3600;true;2;2;""
UCaaS Cisco HCS (7500 devices);5207;available;00001;false;ImageLevel;UCS7500S07;UCSS07 7500 HCS 8.6.2-V4;UCS7500S07-HCS862V4;RedHat;HCS8.6.2 V4;UCS7500S07;FR;32bits;UCSS07 (CUCM) 7500 devices HCS8.6.2 V4;6144;6144;true;3600;true;2;2;""
UCaaS Cisco HCS (7500 devices);5208;available;00001;false;ImageLevel;UCS7500S08;UCSS08 7500 HCS 8.6.2-V4;UCS7500S08-HCS862V4;RedHat;HCS8.6.2 V4;UCS7500S08;FR;32bits;UCSS08 (CUCM) 7500 devices HCS8.6.2 V4;6144;6144;true;3600;true;2;2;""
UCaaS Cisco HCS (7500 devices);5209;available;00001;false;ImageLevel;UC7500CNX01;UCNX01 7500 HCS 8.6.2-V4;UC7500CNX01-HCS862V4;RedHat;HCS8.6.2 V4;UC7500CNX01;FR;32bits;UCNX (Unity) 7500 devices HCS8.6.2 V4;6144;6144;true;9000;true;4;4;""
UCaaS Cisco HCS (7500 devices);5210;available;00001;false;ImageLevel;UC7500PS01;UCPS01 7500 HCS 8.6.2-V4;UC7500PS01-HCS862V4;RedHat;HCS8.6.2 V4;UC7500PS01;FR;32bits;UCPS01 (CUPS) 7500 devices HCS8.6.2 V4;6144;6144;true;8000;true;4;4;""
UCaaS Cisco HCS (20000 devices);3600;available;00001;false;ImageLevel;UCS20000P01;UCSP01 20000 HCS 8.6.2-V2;UCS20000P01-HCS862V2;RedHat;HCS8.6.2 V2;UCS20000P01;FR;32bits;UCSP01 (CUCM) 20000 devices HCS8.6.2 V2;6144;6144;true;7200;true;4;4;""
UCaaS Cisco HCS (20000 devices);3601;available;00001;false;ImageLevel;UCS20000S01;UCSS01 20000 HCS 8.6.2-V2;UCS20000S01-HCS862V2;RedHat;HCS8.6.2 V2;UCS20000S01;FR;32bits;UCSS01 (CUCM) 20000 devices HCS8.6.2 V2;6144;6144;true;7200;true;4;4;""
UCaaS Cisco HCS (20000 devices);3602;available;00001;false;ImageLevel;UCS20000S02;UCSS02 20000 HCS 8.6.2-V2;UCS20000S02-HCS862V2;RedHat;HCS8.6.2 V2;UCS20000S02;FR;32bits;UCSS02 (CUCM) 20000 devices HCS8.6.2 V2;6144;6144;true;7200;true;4;4;""
UCaaS Cisco HCS (20000 devices);3603;available;00001;false;ImageLevel;UCS20000S03;UCSS03 20000 HCS 8.6.2-V2;UCS20000S03-HCS862V2;RedHat;HCS8.6.2 V2;UCS20000S03;FR;32bits;UCSS03 (CUCM) 20000 devices HCS8.6.2 V2;6144;6144;true;7200;true;4;4;""
UCaaS Cisco HCS (20000 devices);3604;available;00001;false;ImageLevel;UCS20000S04;UCSS04 20000 HCS 8.6.2-V2;UCS20000S04-HCS862V2;RedHat;HCS8.6.2 V2;UCS20000S04;FR;32bits;UCSS04 (CUCM) 20000 devices HCS8.6.2 V2;6144;6144;true;7200;true;4;4;""
UCaaS Cisco HCS (20000 devices);3605;available;00001;false;ImageLevel;UCS20000S05;UCSS05 20000 HCS 8.6.2-V2;UCS20000S05-HCS862V2;RedHat;HCS8.6.2 V2;UCS20000S05;FR;32bits;UCSS05 (CUCM) 20000 devices HCS8.6.2 V2;6144;6144;true;7200;true;4;4;""
UCaaS Cisco HCS (20000 devices);3606;available;00001;false;ImageLevel;UCS20000S06;UCSS06 20000 HCS 8.6.2-V2;UCS20000S06-HCS862V2;RedHat;HCS8.6.2 V2;UCS20000S06;FR;32bits;UCSS06 (CUCM) 20000 devices HCS8.6.2 V2;6144;6144;true;7200;true;4;4;""
UCaaS Cisco HCS (20000 devices);3607;available;00001;false;ImageLevel;UCS20000S07;UCSS07 20000 HCS 8.6.2-V2;UCS20000S07-HCS862V2;RedHat;HCS8.6.2 V2;UCS20000S07;FR;32bits;UCSS07 (CUCM) 20000 devices HCS8.6.2 V2;6144;6144;true;7200;true;4;4;""
UCaaS Cisco HCS (20000 devices);3608;available;00001;false;ImageLevel;UCS20000S08;UCSS08 20000 HCS 8.6.2-V2;UCS20000S08-HCS862V2;RedHat;HCS8.6.2 V2;UCS20000S08;FR;32bits;UCSS08 (CUCM) 20000 devices HCS8.6.2 V2;6144;6144;true;7200;true;4;4;""
UCaaS Cisco HCS (20000 devices);3609;available;00001;false;ImageLevel;UCS20000S09;UCSS09 20000 HCS 8.6.2-V2;UCS20000S09-HCS862V2;RedHat;HCS8.6.2 V2;UCS20000S09;FR;32bits;UCSS09 (CUCM) 20000 devices HCS8.6.2 V2;6144;6144;true;7200;true;4;4;""
UCaaS Cisco HCS (20000 devices);3610;available;00001;false;ImageLevel;UCS20000S10;UCSS10 20000 HCS 8.6.2-V2;UCS20000S10-HCS862V2;RedHat;HCS8.6.2 V2;UCS20000S10;FR;32bits;UCSS10 (CUCM) 20000 devices HCS8.6.2 V2;6144;6144;true;7200;true;4;4;""
UCaaS Cisco HCS (20000 devices);3611;available;00001;false;ImageLevel;UC20000CNX01;UCNX01 20000 HCS 8.6.2-V2;UC20000CNX01-HCS862V2;RedHat;HCS8.6.2 V2;UC20000CNX01;FR;32bits;UCNX (Unity) 20000 devices HCS8.6.2 V2;8192;8192;true;14000;true;7;7;""
UCaaS Cisco HCS (20000 devices);3612;available;00001;false;ImageLevel;UC20000PS01;UCPS01 20000 HCS 8.6.2-V2;UC20000PS01-HCS862V2;RedHat;HCS8.6.2 V2;UC20000PS01;FR;32bits;UCPS01 (CUPS) 20000 devices HCS8.6.2 V2;6144;6144;true;8000;true;4;4;""
UCaaS Cisco HCS (20000 devices);3613;available;00001;false;ImageLevel;UC20000PS02;UCPS02 20000 HCS 8.6.2-V2;UC20000PS02-HCS862V2;RedHat;HCS8.6.2 V2;UC20000PS02;FR;32bits;UCPS02 (CUPS) 20000 devices HCS8.6.2 V2;6144;6144;true;8000;true;4;4;""
UCaaS Cisco HCS (20000 devices);4600;available;00001;false;ImageLevel;UCS20000P01;UCSP01 20000 HCS 8.6.2-V3;UCS20000P01-HCS862V3;RedHat;HCS8.6.2 V3;UCS20000P01;FR;32bits;UCSP01 (CUCM) 20000 devices HCS8.6.2 V3;6144;6144;true;7200;true;4;4;""
UCaaS Cisco HCS (20000 devices);4601;available;00001;false;ImageLevel;UCS20000S01;UCSS01 20000 HCS 8.6.2-V3;UCS20000S01-HCS862V3;RedHat;HCS8.6.2 V3;UCS20000S01;FR;32bits;UCSS01 (CUCM) 20000 devices HCS8.6.2 V3;6144;6144;true;7200;true;4;4;""
UCaaS Cisco HCS (20000 devices);4602;available;00001;false;ImageLevel;UCS20000S02;UCSS02 20000 HCS 8.6.2-V3;UCS20000S02-HCS862V3;RedHat;HCS8.6.2 V3;UCS20000S02;FR;32bits;UCSS02 (CUCM) 20000 devices HCS8.6.2 V3;6144;6144;true;7200;true;4;4;""
UCaaS Cisco HCS (20000 devices);4603;available;00001;false;ImageLevel;UCS20000S03;UCSS03 20000 HCS 8.6.2-V3;UCS20000S03-HCS862V3;RedHat;HCS8.6.2 V3;UCS20000S03;FR;32bits;UCSS03 (CUCM) 20000 devices HCS8.6.2 V3;6144;6144;true;7200;true;4;4;""
UCaaS Cisco HCS (20000 devices);4604;available;00001;false;ImageLevel;UCS20000S04;UCSS04 20000 HCS 8.6.2-V3;UCS20000S04-HCS862V3;RedHat;HCS8.6.2 V3;UCS20000S04;FR;32bits;UCSS04 (CUCM) 20000 devices HCS8.6.2 V3;6144;6144;true;7200;true;4;4;""
UCaaS Cisco HCS (20000 devices);4605;available;00001;false;ImageLevel;UCS20000S05;UCSS05 20000 HCS 8.6.2-V3;UCS20000S05-HCS862V3;RedHat;HCS8.6.2 V3;UCS20000S05;FR;32bits;UCSS05 (CUCM) 20000 devices HCS8.6.2 V3;6144;6144;true;7200;true;4;4;""
UCaaS Cisco HCS (20000 devices);4606;available;00001;false;ImageLevel;UCS20000S06;UCSS06 20000 HCS 8.6.2-V3;UCS20000S06-HCS862V3;RedHat;HCS8.6.2 V3;UCS20000S06;FR;32bits;UCSS06 (CUCM) 20000 devices HCS8.6.2 V3;6144;6144;true;7200;true;4;4;""
UCaaS Cisco HCS (20000 devices);4607;available;00001;false;ImageLevel;UCS20000S07;UCSS07 20000 HCS 8.6.2-V3;UCS20000S07-HCS862V3;RedHat;HCS8.6.2 V3;UCS20000S07;FR;32bits;UCSS07 (CUCM) 20000 devices HCS8.6.2 V3;6144;6144;true;7200;true;4;4;""
UCaaS Cisco HCS (20000 devices);4608;available;00001;false;ImageLevel;UCS20000S08;UCSS08 20000 HCS 8.6.2-V3;UCS20000S08-HCS862V3;RedHat;HCS8.6.2 V3;UCS20000S08;FR;32bits;UCSS08 (CUCM) 20000 devices HCS8.6.2 V3;6144;6144;true;7200;true;4;4;""
UCaaS Cisco HCS (20000 devices);4609;available;00001;false;ImageLevel;UCS20000S09;UCSS09 20000 HCS 8.6.2-V3;UCS20000S09-HCS862V3;RedHat;HCS8.6.2 V3;UCS20000S09;FR;32bits;UCSS09 (CUCM) 20000 devices HCS8.6.2 V3;6144;6144;true;7200;true;4;4;""
UCaaS Cisco HCS (20000 devices);4610;available;00001;false;ImageLevel;UCS20000S10;UCSS10 20000 HCS 8.6.2-V3;UCS20000S10-HCS862V3;RedHat;HCS8.6.2 V3;UCS20000S10;FR;32bits;UCSS10 (CUCM) 20000 devices HCS8.6.2 V3;6144;6144;true;7200;true;4;4;""
UCaaS Cisco HCS (20000 devices);4611;available;00001;false;ImageLevel;UC20000CNX01;UCNX01 20000 HCS 8.6.2-V3;UC20000CNX01-HCS862V3;RedHat;HCS8.6.2 V3;UC20000CNX01;FR;32bits;UCNX (Unity) 20000 devices HCS8.6.2 V3;8192;8192;true;14000;true;7;7;""
UCaaS Cisco HCS (20000 devices);4612;available;00001;false;ImageLevel;UC20000PS01;UCPS01 20000 HCS 8.6.2-V3;UC20000PS01-HCS862V3;RedHat;HCS8.6.2 V3;UC20000PS01;FR;32bits;UCPS01 (CUPS) 20000 devices HCS8.6.2 V3;6144;6144;true;8000;true;4;4;""
UCaaS Cisco HCS (20000 devices);4613;available;00001;false;ImageLevel;UC20000PS02;UCPS02 20000 HCS 8.6.2-V3;UC20000PS02-HCS862V3;RedHat;HCS8.6.2 V3;UC20000PS02;FR;32bits;UCPS02 (CUPS) 20000 devices HCS8.6.2 V3;6144;6144;true;8000;true;4;4;""
UCaaS Cisco HCS (20000 devices);6600;available;00001;false;ImageLevel;UCS20000P01;UCSP01 20000 HCS 8.6.2-V4;UCS20000P01-HCS862V4;RedHat;HCS8.6.2 V4;UCS20000P01;FR;32bits;UCSP01 (CUCM) 20000 devices HCS8.6.2 V4;6144;6144;true;7200;true;4;4;""
UCaaS Cisco HCS (20000 devices);6601;available;00001;false;ImageLevel;UCS20000S01;UCSS01 20000 HCS 8.6.2-V4;UCS20000S01-HCS862V4;RedHat;HCS8.6.2 V4;UCS20000S01;FR;32bits;UCSS01 (CUCM) 20000 devices HCS8.6.2 V4;6144;6144;true;7200;true;4;4;""
UCaaS Cisco HCS (20000 devices);6602;available;00001;false;ImageLevel;UCS20000S02;UCSS02 20000 HCS 8.6.2-V4;UCS20000S02-HCS862V4;RedHat;HCS8.6.2 V4;UCS20000S02;FR;32bits;UCSS02 (CUCM) 20000 devices HCS8.6.2 V4;6144;6144;true;7200;true;4;4;""
UCaaS Cisco HCS (20000 devices);6603;available;00001;false;ImageLevel;UCS20000S03;UCSS03 20000 HCS 8.6.2-V4;UCS20000S03-HCS862V4;RedHat;HCS8.6.2 V4;UCS20000S03;FR;32bits;UCSS03 (CUCM) 20000 devices HCS8.6.2 V4;6144;6144;true;7200;true;4;4;""
UCaaS Cisco HCS (20000 devices);6604;available;00001;false;ImageLevel;UCS20000S04;UCSS04 20000 HCS 8.6.2-V4;UCS20000S04-HCS862V4;RedHat;HCS8.6.2 V4;UCS20000S04;FR;32bits;UCSS04 (CUCM) 20000 devices HCS8.6.2 V4;6144;6144;true;7200;true;4;4;""
UCaaS Cisco HCS (20000 devices);6605;available;00001;false;ImageLevel;UCS20000S05;UCSS05 20000 HCS 8.6.2-V4;UCS20000S05-HCS862V4;RedHat;HCS8.6.2 V4;UCS20000S05;FR;32bits;UCSS05 (CUCM) 20000 devices HCS8.6.2 V4;6144;6144;true;7200;true;4;4;""
UCaaS Cisco HCS (20000 devices);6606;available;00001;false;ImageLevel;UCS20000S06;UCSS06 20000 HCS 8.6.2-V4;UCS20000S06-HCS862V4;RedHat;HCS8.6.2 V4;UCS20000S06;FR;32bits;UCSS06 (CUCM) 20000 devices HCS8.6.2 V4;6144;6144;true;7200;true;4;4;""
UCaaS Cisco HCS (20000 devices);6607;available;00001;false;ImageLevel;UCS20000S07;UCSS07 20000 HCS 8.6.2-V4;UCS20000S07-HCS862V4;RedHat;HCS8.6.2 V4;UCS20000S07;FR;32bits;UCSS07 (CUCM) 20000 devices HCS8.6.2 V4;6144;6144;true;7200;true;4;4;""
UCaaS Cisco HCS (20000 devices);6608;available;00001;false;ImageLevel;UCS20000S08;UCSS08 20000 HCS 8.6.2-V4;UCS20000S08-HCS862V4;RedHat;HCS8.6.2 V4;UCS20000S08;FR;32bits;UCSS08 (CUCM) 20000 devices HCS8.6.2 V4;6144;6144;true;7200;true;4;4;""
UCaaS Cisco HCS (20000 devices);6609;available;00001;false;ImageLevel;UCS20000S09;UCSS09 20000 HCS 8.6.2-V4;UCS20000S09-HCS862V4;RedHat;HCS8.6.2 V4;UCS20000S09;FR;32bits;UCSS09 (CUCM) 20000 devices HCS8.6.2 V4;6144;6144;true;7200;true;4;4;""
UCaaS Cisco HCS (20000 devices);6610;available;00001;false;ImageLevel;UCS20000S10;UCSS10 20000 HCS 8.6.2-V4;UCS20000S10-HCS862V4;RedHat;HCS8.6.2 V4;UCS20000S10;FR;32bits;UCSS10 (CUCM) 20000 devices HCS8.6.2 V4;6144;6144;true;7200;true;4;4;""
UCaaS Cisco HCS (20000 devices);6611;available;00001;false;ImageLevel;UC20000CNX01;UCNX01 20000 HCS 8.6.2-V4;UC20000CNX01-HCS862V4;RedHat;HCS8.6.2 V4;UC20000CNX01;FR;32bits;UCNX (Unity) 20000 devices HCS8.6.2 V4;8192;8192;true;14000;true;7;7;""
UCaaS Cisco HCS (20000 devices);6612;available;00001;false;ImageLevel;UC20000PS01;UCPS01 20000 HCS 8.6.2-V4;UC20000PS01-HCS862V4;RedHat;HCS8.6.2 V4;UC20000PS01;FR;32bits;UCPS01 (CUPS) 20000 devices HCS8.6.2 V4;6144;6144;true;8000;true;4;4;""
UCaaS Cisco HCS (20000 devices);6613;available;00001;false;ImageLevel;UC20000PS02;UCPS02 20000 HCS 8.6.2-V4;UC20000PS02-HCS862V4;RedHat;HCS8.6.2 V4;UC20000PS02;FR;32bits;UCPS02 (CUPS) 20000 devices HCS8.6.2 V4;6144;6144;true;8000;true;4;4;""
UCaaS Cisco HCS (40000 devices);5600;available;00001;false;ImageLevel;UCS40000P01;UCSP01 40000 HCS 8.6.2-V3;UCS40000P01-HCS862V3;RedHat;HCS8.6.2 V3;UCS40000P01;FR;32bits;UCSP01 (CUCM) 40000 devices HCS8.6.2 V3;6144;6144;true;7200;true;4;4;""
UCaaS Cisco HCS (40000 devices);5601;available;00001;false;ImageLevel;UCS40000S01;UCSS01 40000 HCS 8.6.2-V3;UCS40000S01-HCS862V3;RedHat;HCS8.6.2 V3;UCS40000S01;FR;32bits;UCSS01 (CUCM) 40000 devices HCS8.6.2 V3;6144;6144;true;7200;true;4;4;""
UCaaS Cisco HCS (40000 devices);5602;available;00001;false;ImageLevel;UCS40000S02;UCSS02 40000 HCS 8.6.2-V3;UCS40000S02-HCS862V3;RedHat;HCS8.6.2 V3;UCS40000S02;FR;32bits;UCSS02 (CUCM) 40000 devices HCS8.6.2 V3;6144;6144;true;7200;true;4;4;""
UCaaS Cisco HCS (40000 devices);5603;available;00001;false;ImageLevel;UCS40000S03;UCSS03 40000 HCS 8.6.2-V3;UCS40000S03-HCS862V3;RedHat;HCS8.6.2 V3;UCS40000S03;FR;32bits;UCSS03 (CUCM) 40000 devices HCS8.6.2 V3;6144;6144;true;7200;true;4;4;""
UCaaS Cisco HCS (40000 devices);5604;available;00001;false;ImageLevel;UCS40000S04;UCSS04 40000 HCS 8.6.2-V3;UCS40000S04-HCS862V3;RedHat;HCS8.6.2 V3;UCS40000S04;FR;32bits;UCSS04 (CUCM) 40000 devices HCS8.6.2 V3;6144;6144;true;7200;true;4;4;""
UCaaS Cisco HCS (40000 devices);5605;available;00001;false;ImageLevel;UCS40000S05;UCSS05 40000 HCS 8.6.2-V3;UCS40000S05-HCS862V3;RedHat;HCS8.6.2 V3;UCS40000S05;FR;32bits;UCSS05 (CUCM) 40000 devices HCS8.6.2 V3;6144;6144;true;7200;true;4;4;""
UCaaS Cisco HCS (40000 devices);5606;available;00001;false;ImageLevel;UCS40000S06;UCSS06 40000 HCS 8.6.2-V3;UCS40000S06-HCS862V3;RedHat;HCS8.6.2 V3;UCS40000S06;FR;32bits;UCSS06 (CUCM) 40000 devices HCS8.6.2 V3;6144;6144;true;7200;true;4;4;""
UCaaS Cisco HCS (40000 devices);5607;available;00001;false;ImageLevel;UCS40000S07;UCSS07 40000 HCS 8.6.2-V3;UCS40000S07-HCS862V3;RedHat;HCS8.6.2 V3;UCS40000S07;FR;32bits;UCSS07 (CUCM) 40000 devices HCS8.6.2 V3;6144;6144;true;7200;true;4;4;""
UCaaS Cisco HCS (40000 devices);5608;available;00001;false;ImageLevel;UCS40000S08;UCSS08 40000 HCS 8.6.2-V3;UCS40000S08-HCS862V3;RedHat;HCS8.6.2 V3;UCS40000S08;FR;32bits;UCSS08 (CUCM) 40000 devices HCS8.6.2 V3;6144;6144;true;7200;true;4;4;""
UCaaS Cisco HCS (40000 devices);5609;available;00001;false;ImageLevel;UCS40000S09;UCSS09 40000 HCS 8.6.2-V3;UCS40000S09-HCS862V3;RedHat;HCS8.6.2 V3;UCS40000S09;FR;32bits;UCSS09 (CUCM) 40000 devices HCS8.6.2 V3;6144;6144;true;7200;true;4;4;""
UCaaS Cisco HCS (40000 devices);5610;available;00001;false;ImageLevel;UCS40000S10;UCSS10 40000 HCS 8.6.2-V3;UCS40000S10-HCS862V3;RedHat;HCS8.6.2 V3;UCS40000S10;FR;32bits;UCSS10 (CUCM) 40000 devices HCS8.6.2 V3;6144;6144;true;7200;true;4;4;""
UCaaS Cisco HCS (40000 devices);5611;available;00001;false;ImageLevel;UC40000CNX01;UCNX01 40000 HCS 8.6.2-V3;UC40000CNX01-HCS862V3;RedHat;HCS8.6.2 V3;UC40000CNX01;FR;32bits;UCNX (Unity) 40000 devices HCS8.6.2 V3;8192;8192;true;14000;true;7;7;""
UCaaS Cisco HCS (40000 devices);5614;available;00001;true;ImageLevel;UC40000CNX02;UCNX02 40000 HCS 8.6.2-V3;UC40000CNX02-HCS862V3;RedHat;HCS8.6.2 V3;UC40000CNX02;FR;32bits;UCNX (Unity) 40000 devices HCS8.6.2 V3;8192;8192;true;14000;true;7;7;""
UCaaS Cisco HCS (40000 devices);5612;available;00001;false;ImageLevel;UC40000PS01;UCPS01 40000 HCS 8.6.2-V3;UC40000PS01-HCS862V3;RedHat;HCS8.6.2 V3;UC40000PS01;FR;32bits;UCPS01 (CUPS) 40000 devices HCS8.6.2 V3;6144;6144;true;8000;true;4;4;""
UCaaS Cisco HCS (40000 devices);5613;available;00001;false;ImageLevel;UC40000PS02;UCPS02 40000 HCS 8.6.2-V3;UC40000PS02-HCS862V3;RedHat;HCS8.6.2 V3;UC40000PS02;FR;32bits;UCPS02 (CUPS) 40000 devices HCS8.6.2 V3;6144;6144;true;8000;true;4;4;""
UCaaS Cisco HCS (40000 devices);5615;available;00001;true;ImageLevel;UC40000PS03;UCPS03 40000 HCS 8.6.2-V3;UC40000PS03-HCS862V3;RedHat;HCS8.6.2 V3;UC40000PS03;FR;32bits;UCPS03 (CUPS) 40000 devices HCS8.6.2 V3;6144;6144;true;8000;true;4;4;""
